Nike,yeezy,shopify,foosites,retail,media,google,others
nike.com,yeezysupply.com,43einhalb.com,footaction.com,amazon.com,instagram.com,google.com,converse.com
,,99store.mx,footlocker.ca,bestbuy.com,twitter.com,,finishline.com
,,angelobaque.com,footlocker.co.uk,fanatics.com,tiktok.com,,footdistrict.com
,,afew-store.com,footlocker.com,gamestop.com,facebook.com,,footpatrol.com
,,aimeleondore.com,footlocker.com.au,gamestop.de,youtube.com,,footpatrol.fr
,,alifenewyork.com,footlocker.eu,gamestop.at,snapchat.com,,jdsports.co.uk
,,alltheright.com,footlocker.hk,gamestop.it,,,jdsports.com
,,a-ma-maniere.com,footlocker.my,gamestop.ch,,,jdsports.de
,,amongstfew.com,kidsfootlocker.com,micromania.fr,,,jdsports.fr
,,apbstore.com,footlocker.sg,gamestop.ie,,,offspring.co.uk
,,asphaltgold.com,eastbay.com,gamestop.ca,,,size.com
,,atmosusa.com,champssports.com,newegg.com,,,size.it
,,baitme.jp,champssports.ca,paniniamerica.net,,,size.de
,,bape.com,,target.com,,,size.fr
,,basket4ballers.com,,smythstoys.com,,,zalando.fr
,,bbbranded.com,,evga.com,,,zalando.de
,,bbcicecream.com,,walmart.com,,,zalando.co.uk
,,bdgastore.com,,otto.de,,,zalando.nl
,,billieeilish.com,,nvidia.com,,,zalando.it
,,blacksheepskateshop.com,,amd.com,,,zalando.cz
,,bkm-popup.myshopify.com,,playstation.com,,,zalando.ie
,,brickseek.com,,lego.com,,,adidas.ie
,,bstn.com,,nintendo.com,,,zalando.pl
,,burnrubbersneakers.com,,apple.com,,,zalando.pt
,,cactusplantfleamarket.com,,microsoft.com,,,zalando.at
,,calif.cc,,,,,adidas.cz
,,capsuletoronto.com,,,,,adidas.dk
,,cdgcdgcdg.com,,,,,adidas.at
,,cncpts.com,,,,,adidas.pl
,,culturekings.com.au,,,,,adidas.pt
,,ddtstore.com,,,,,adidas.ru
,,denimtears.com,,,,,adidas.com
,,deadstock.ca,,,,,adidas.es
,,dickssportinggoods.com,,,,,adidas.co.uk
,,dope-factory.com,,,,,adidas.be
,,doverstreetmarket.com,,,,,adidas.fr
,,drakerelated.com,,,,,adidas.nl
,,dtlr.com,,,,,adidas.de
,,endclothing.com,,,,,adidas.it
,,ericemanuel.com,,,,,funko.com
,,familiaskateshop.com,,,,,shopdisney.com
,,fearofgod.com,,,,,catalog.usmint.gov
,,fenom.com,,,,,youtube.com
,,finalmouse.com,,,,,pokemoncenter.com
,,gbny.com,,,,,hermes.com
,,goldenarchesunlimited.com,,,,,coach.com
,,havenshop.com,,,,,louisvuitton.com
,,hibbett.com,,,,,chanel.com
,,humanmade.jp,,,,,dior.com
,,hushlifeboutique.com,,,,,
,,jdsports.ca,,,,,
,,jimmyjazz.com,,,,,
,,jjjjound.com,,,,,
,,juicestore.com,,,,,
,,jbhifi.com.au,,,,,
,,juicestoreusa.com,,,,,
,,kawsone.com,,,,,
,,kaws-tokyo-first.jp,,,,,
,,kickz.com,,,,,
,,kith.com,,,,,
,,ladyfootlocker.com,,,,,
,,likelihood.us,,,,,
,,lustmexico.com,,,,,
,,mct.tokyo,,,,,
,,mediamarkt.de,,,,,
,,mita-sneakers.co.jp,,,,,
,,nakedcph.com,,,,,
,,nba.com,,,,,
,,newyorksunshine.com,,,,,
,,net-a-porter.com,,,,,
,,newbalance.co.ae,,,,,
,,newbalance.com,,,,,
,,nigramercato.com,,,,,
,,nomadshop.net,,,,,
,,nocta.com,,,,,
,,notre-shop.com,,,,,
,,nrml.ca,,,,,
,,oneblockdown.it,,,,,
,,onenessboutique.com,,,,,
,,opiumparis.com,,,,,
,,overkillshop.com,,,,,
,,palaceskateboards.com,,,,,
,,popmart.com,,,,,
,,riotstore.jp,,,,,
,,rockcitykicks.com,,,,,
,,ruleofnext.com,,,,,
,,saintalfred.com,,,,,
,,secondkill.com,,,,,
,,shiekh.com,,,,,
,,shinzo.paris,,,,,
,,shoepalace.com,,,,,
,,shopnicekicks.com,,,,,
,,sneakerbaas.nl,,,,,
,,sneakers76.com,,,,,
,,sneakersnstuff.com,,,,,
,,snipesusa.com,,,,,
,,snkrroom.com,,,,,
,,socialstatuspgh.com,,,,,
,,solebox.com,,,,,
,,soleclassics.com,,,,,
,,slamjam.com,,,,,
,,solestop.com,,,,,
,,stashedsf.com,,,,,
,,stevenharrington.com,,,,,
,,stussy.com,,,,,
,,telfar.net,,,,,
,,thebettergeneration.com,,,,,
,,thedarksideinitiative.com,,,,,
,,thenextdoor.fr,,,,,
,,thehouseofdrew.com,,,,,
,,trophyroomstore.com,,,,,
,,thepremierstore.com,,,,,
,,titan22.com,,,,,
,,titoloshop.com,,,,,
,,travisscott.com,,,,,
,,undefeated.com,,,,,
,,unionlosangeles.com,,,,,
,,uniontokyo.jp,,,,,
,,unknwn.com,,,,,
,,urbanstaroma.com,,,,,
,,wishatl.com,,,,,
,,xhibition.com,,,,,
,,ycmc.com,,,,,
,,zingaro.shop,,,,,
,,creations.mattel.com,,,,,
,,kaws.brooklynmuseum.org,,,,,
,,size.ca,,,,,
,,zadehkicks.com,,,,,
,,mambaandmambacita.org,,,,,
,,supreme.com,,,,,
,,303boards.com,,,,,
,,canary---yellow.com,,,,,
,,creme321.com,,,,,
,,rsvpgallery.com,,,,,
,,shopwss.com,,,,,
,,sneakerpolitics.com,,,,,
,,tomsachs.com,,,,,
,,soorploomclothier.com,,,,,
,,solefly.com,,,,,
,,joefreshgoods.com,,,,,
,,beaspunge.com,,,,,
,,arcteryx.jp,,,,,
,,architectureandsneakers.com,,,,,
,,kikokostadinov.com,,,,,
